stance,word,count
Far Left,syria,75
Far Left,party,57
Far Left,war,55
Far Left,piraten,50
Far Left,election,40
Far Left,capitalism,40
Far Left,revolution,39
Far Left,state,36
Far Left,deutschland,31
Far Left,feminism,30
Far Left,movement,29
Far Left,america,28
Far Left,right,27
Far Left,woman,27
Far Left,anarchism,27
Far Left,attack,26
Far Left,economy,24
Far Left,socialism,23
Far Left,worldanarchism,23
Far Left,men,22
Far Left,de,22
Far Left,infopolicy,22
Far Left,law,20
Far Left,trump,18
Far Left,world,18
Far Right,war,47
Far Right,drug,46
Far Right,syria,42
Far Right,warming,41
Far Right,marijuana,33
Far Right,attack,29
Far Right,say,29
Far Right,change,28
Far Right,collapse,23
Far Right,state,22
Far Right,memo,19
Far Right,year,16
Far Right,science,15
Far Right,america,15
Far Right,legalization,15
Far Right,news,14
Far Right,border,14
Far Right,men,13
Far Right,weedist,13
Far Right,scientist,12
Far Right,conspiracy,12
Far Right,link,11
Far Right,report,11
Far Right,woman,11
Far Right,truth,10
Left,strike,246
Left,news,173
Left,right,155
Left,say,147
Left,war,141
Left,democracy,128
Left,election,125
Left,prison,108
Left,trump,106
Left,talk,97
Left,law,92
Left,amendment,92
Left,state,80
Left,woman,75
Left,syria,73
Left,speech,72
Left,people,69
Left,bill,68
Left,vote,63
Left,america,62
Left,year,59
Left,attack,58
Left,youtube,56
Left,system,56
Left,peace,55
Neutral,news,196
Neutral,afghanistan,171
Neutral,syria,171
Neutral,say,167
Neutral,election,110
Neutral,year,95
Neutral,war,93
Neutral,trump,91
Neutral,attack,84
Neutral,state,83
Neutral,law,83
Neutral,report,81
Neutral,com,76
Neutral,time,69
Neutral,libya,66
Neutral,iran,65
Neutral,academy,65
Neutral,america,55
Neutral,case,55
Neutral,politics,54
Neutral,pakistan,52
Neutral,government,52
Neutral,bangalore,50
Neutral,medium,44
Neutral,food,44
Right,news,90
Right,say,78
Right,com,77
Right,war,66
Right,trump,52
Right,union,49
Right,america,41
Right,youtube,39
Right,right,38
Right,strike,37
Right,capitalism,35
Right,state,34
Right,election,34
Right,syria,34
Right,israel,34
Right,policy,30
Right,economy,30
Right,campaign,29
Right,report,29
Right,attack,27
Right,year,26
Right,tsa,25
Right,law,24
Right,protest,24
Right,airport,24
